timestamp,site_id,site_name,Tv_hidden,rb_hidden,Wc_hidden
2020-01-01 01:00:00,0,Madagascar,297.2345275878906,0.002771992702037,0.1689532101154327
2020-01-11 01:00:00,0,Madagascar,296.75103759765625,0.0036254632286727,0.0878283753991127
2020-01-21 01:00:00,0,Madagascar,297.62890625,0.0152246039360761,0.3183289170265198
2020-01-31 01:00:00,0,Madagascar,296.9858703613281,0.0104076862335205,0.3002838790416717
2020-02-10 01:00:00,0,Madagascar,297.2569885253906,0.01575000397861,0.1973298043012619
2020-02-20 01:00:00,0,Madagascar,297.4193725585937,0.016951585188508,0.1974989920854568
2020-03-01 01:00:00,0,Madagascar,296.2357788085937,0.0048185680061578,0.227498173713684
2020-03-11 01:00:00,0,Madagascar,297.11474609375,0.004063353408128,0.0031757419928908
2020-03-21 01:00:00,0,Madagascar,295.4761657714844,0.0040445071645081,0.0
2020-03-31 01:00:00,0,Madagascar,293.49871826171875,0.004366461187601,0.0
2020-04-10 01:00:00,0,Madagascar,297.1220092773437,0.0028215341735631,0.0096607692539691
2020-04-20 01:00:00,0,Madagascar,296.8912353515625,0.0038150805048644,0.037549190223217
2020-04-30 01:00:00,0,Madagascar,297.6860046386719,0.0143915954977273,0.0
2020-05-10 01:00:00,0,Madagascar,294.34625244140625,0.0037080508191138,0.0512775480747222
2020-05-20 01:00:00,0,Madagascar,291.6810302734375,0.0033491959329694,0.0
2020-05-30 01:00:00,0,Madagascar,294.1853942871094,0.0253615509718656,0.0
2020-06-09 01:00:00,0,Madagascar,292.3371276855469,0.0035028434358537,0.0
2020-06-19 01:00:00,0,Madagascar,291.5089111328125,0.0076457629911601,0.0
2020-06-29 01:00:00,0,Madagascar,292.9894714355469,0.0158562622964382,0.0
2020-07-09 01:00:00,0,Madagascar,295.1466369628906,0.0238627083599567,0.0
2020-07-19 01:00:00,0,Madagascar,289.7088623046875,0.0208490062505006,0.0
2020-07-29 01:00:00,0,Madagascar,291.2962951660156,0.024465499445796,0.0098008178174495
2020-08-08 01:00:00,0,Madagascar,293.5491943359375,0.0423622503876686,0.0
2020-08-18 01:00:00,0,Madagascar,293.6198425292969,0.0102808186784386,0.0
2020-08-28 01:00:00,0,Madagascar,293.0028381347656,0.0030675211455672,0.0
2020-09-07 01:00:00,0,Madagascar,291.4294738769531,0.0033120010048151,0.0
2020-09-17 01:00:00,0,Madagascar,294.7285461425781,0.0028034595306962,0.0562917925417423
2020-09-27 01:00:00,0,Madagascar,291.35162353515625,0.003913780208677,0.0
2020-10-07 01:00:00,0,Madagascar,292.034912109375,0.0031660592649132,0.0
2020-10-17 01:00:00,0,Madagascar,296.49859619140625,0.0214973073452711,0.0
2020-10-27 01:00:00,0,Madagascar,296.3360595703125,0.0156836044043302,0.0
2020-11-06 01:00:00,0,Madagascar,295.3547058105469,0.0045595183037221,0.0
2020-11-16 01:00:00,0,Madagascar,295.43634033203125,0.0039594061672687,0.0095733534544706
2020-11-26 01:00:00,0,Madagascar,297.3539123535156,0.0092601543292403,0.2128875404596328
2020-12-06 01:00:00,0,Madagascar,297.6400756835937,0.0322785004973411,0.2383851408958435
2020-12-16 01:00:00,0,Madagascar,296.0746459960937,0.0036183153279125,0.0
2020-12-26 01:00:00,0,Madagascar,297.2677917480469,0.0031616035848855,0.2969058454036712
2021-01-05 01:00:00,0,Madagascar,296.89263916015625,0.009337980300188,0.3182726800441742
2021-01-15 01:00:00,0,Madagascar,296.60137939453125,0.0029090435709804,0.0
2021-01-25 01:00:00,0,Madagascar,296.98486328125,0.0037092138081789,0.2834990620613098
2021-02-04 01:00:00,0,Madagascar,297.757568359375,0.0164373647421598,0.2503755390644073
2021-02-14 01:00:00,0,Madagascar,295.8018798828125,0.0316015481948852,0.2072484046220779
2021-02-24 01:00:00,0,Madagascar,296.0259094238281,0.0091163283213973,0.2271052896976471
2021-03-06 01:00:00,0,Madagascar,296.5378723144531,0.0051762536168098,0.2049498260021209
2021-03-16 01:00:00,0,Madagascar,295.7897644042969,0.0041150664910674,0.1711165904998779
2021-03-26 01:00:00,0,Madagascar,293.0756225585937,0.004153880290687,0.0
2021-04-05 01:00:00,0,Madagascar,294.7054138183594,0.0051333168521523,0.0
2021-04-15 01:00:00,0,Madagascar,296.5005798339844,0.0033506448380649,0.1261469423770904
2021-04-25 01:00:00,0,Madagascar,296.7713623046875,0.0156086925417184,0.0379218906164169
2021-05-05 01:00:00,0,Madagascar,291.5794372558594,0.0174974855035543,0.0
2021-05-15 01:00:00,0,Madagascar,293.3665466308594,0.0034774541854858,0.0
2021-05-25 01:00:00,0,Madagascar,289.5914306640625,0.0035916466731578,0.0
2021-06-04 01:00:00,0,Madagascar,292.75897216796875,0.0096577797085046,0.0
2021-06-14 01:00:00,0,Madagascar,293.1368103027344,0.0165272057056427,0.0
2021-06-24 01:00:00,0,Madagascar,291.5014953613281,0.01010546926409,0.0
2021-07-04 01:00:00,0,Madagascar,289.7892150878906,0.0035619677510112,0.0
2021-07-14 01:00:00,0,Madagascar,290.2713623046875,0.0036094253882765,0.0
2021-07-24 01:00:00,0,Madagascar,294.2123107910156,0.0628420636057853,0.0
2021-08-03 01:00:00,0,Madagascar,292.1011962890625,0.0169938262552022,0.0
2021-08-13 01:00:00,0,Madagascar,289.4690246582031,0.003575048642233,0.0
2021-08-23 01:00:00,0,Madagascar,293.6910705566406,0.0024207734968513,0.0176514536142349
2021-09-02 01:00:00,0,Madagascar,295.6312866210937,0.0180370789021253,0.0
2021-09-12 01:00:00,0,Madagascar,295.0621337890625,0.0027509778738021,0.001380902249366
2021-09-22 01:00:00,0,Madagascar,295.3544921875,0.0266266819089651,0.0
2021-10-02 01:00:00,0,Madagascar,293.99786376953125,0.0044734701514244,0.0
2021-10-12 01:00:00,0,Madagascar,296.1741638183594,0.0030020612757653,0.0
2021-10-22 01:00:00,0,Madagascar,293.91131591796875,0.0194837264716625,0.0
2021-11-01 01:00:00,0,Madagascar,294.4853820800781,0.0040821619331836,0.0029639147687703
2021-11-11 01:00:00,0,Madagascar,297.1724853515625,0.0055297156795859,5.406539457908366e-06
2021-11-21 01:00:00,0,Madagascar,296.63238525390625,0.0044165961444377,0.1333257853984832
2021-12-01 01:00:00,0,Madagascar,296.07586669921875,0.0040884586051106,0.1926732808351516
2021-12-11 01:00:00,0,Madagascar,296.7690124511719,0.0037681008689105,0.0403572134673595
2021-12-21 01:00:00,0,Madagascar,295.3392944335937,0.0041686245240271,0.0
2021-12-31 01:00:00,0,Madagascar,297.3301696777344,0.0031242347322404,0.0
2020-01-01 01:00:00,1,Amazon,296.6228942871094,0.0029986787121742,0.0
2020-01-11 01:00:00,1,Amazon,298.3057861328125,0.0238484852015972,0.0
2020-01-21 01:00:00,1,Amazon,297.4516906738281,0.0031654129270464,0.0949098467826843
2020-01-31 01:00:00,1,Amazon,298.17095947265625,0.0030944414902478,0.0
2020-02-10 01:00:00,1,Amazon,299.64361572265625,0.0669300556182861,0.0
2020-02-20 01:00:00,1,Amazon,299.8761291503906,0.0210830885916948,0.0
2020-03-01 01:00:00,1,Amazon,298.5092163085937,0.0033851631451398,0.0500690974295139
2020-03-11 01:00:00,1,Amazon,298.1880187988281,0.0046144970692694,0.2706164717674255
2020-03-21 01:00:00,1,Amazon,297.8757629394531,0.0038786828517913,0.0
2020-03-31 01:00:00,1,Amazon,297.82354736328125,0.0172126721590757,0.4488891959190368
2020-04-10 01:00:00,1,Amazon,296.8310546875,0.0031041596084833,0.3564181625843048
2020-04-20 01:00:00,1,Amazon,297.47393798828125,0.0042728069238364,0.4668772518634796
2020-04-30 01:00:00,1,Amazon,297.9984436035156,0.0037453121040016,0.2546837329864502
2020-05-10 01:00:00,1,Amazon,297.64031982421875,0.0074651287868618,0.0673042088747024
2020-05-20 01:00:00,1,Amazon,297.2567443847656,0.0174834467470645,0.4527545273303985
2020-05-30 01:00:00,1,Amazon,297.2568664550781,0.0044411225244402,0.2568810582160949
2020-06-09 01:00:00,1,Amazon,297.2809753417969,0.0031134844757616,0.0434018075466156
2020-06-19 01:00:00,1,Amazon,297.1333312988281,0.0044699553400278,0.0102313458919525
2020-06-29 01:00:00,1,Amazon,297.0434875488281,0.0047815293073654,0.117167443037033
2020-07-09 01:00:00,1,Amazon,297.2802124023437,0.0035646979231387,0.0
2020-07-19 01:00:00,1,Amazon,298.0062866210937,0.00343325920403,0.0
2020-07-29 01:00:00,1,Amazon,296.9414978027344,0.002974726492539,0.0
2020-08-08 01:00:00,1,Amazon,297.79620361328125,0.0044687571935355,0.0
2020-08-18 01:00:00,1,Amazon,300.0541381835937,0.0030336144845932,2.3603715817444022e-06
2020-08-28 01:00:00,1,Amazon,298.3458557128906,0.0047636684030294,0.3112739622592926
2020-09-07 01:00:00,1,Amazon,299.03082275390625,0.0058555514551699,0.0
2020-09-17 01:00:00,1,Amazon,298.193603515625,0.0041271760128438,0.0810755938291549
2020-09-27 01:00:00,1,Amazon,297.44244384765625,0.0032703471370041,0.1052979677915573
2020-10-07 01:00:00,1,Amazon,297.4994506835937,0.0032899216748774,0.0695113837718963
2020-10-17 01:00:00,1,Amazon,298.9022216796875,0.0059647685848176,0.0
2020-10-27 01:00:00,1,Amazon,298.9234619140625,0.0032551838085055,0.2169584333896637
2020-11-06 01:00:00,1,Amazon,298.4259033203125,0.0041324561461806,1.1465774605312615e-06
2020-11-16 01:00:00,1,Amazon,298.0619506835937,0.0031385740730911,0.0
2020-11-26 01:00:00,1,Amazon,297.4079284667969,0.0182897392660379,0.4388279318809509
2020-12-06 01:00:00,1,Amazon,297.92877197265625,0.0035795355215668,0.0
2020-12-16 01:00:00,1,Amazon,294.703857421875,0.0032431485597044,0.0
2020-12-26 01:00:00,1,Amazon,296.9472961425781,0.0031539432238787,0.0530181229114532
2021-01-05 01:00:00,1,Amazon,296.3598327636719,0.0034575737081468,0.0
2021-01-15 01:00:00,1,Amazon,297.4176330566406,0.0090227918699383,0.4224733412265777
2021-01-25 01:00:00,1,Amazon,296.7169494628906,0.0036890471819788,0.2907066643238067
2021-02-04 01:00:00,1,Amazon,297.5022277832031,0.0042598987929522,0.0
2021-02-14 01:00:00,1,Amazon,297.3155212402344,0.0054823509417474,0.4633709490299225
2021-02-24 01:00:00,1,Amazon,298.7370910644531,0.0144134499132633,0.0
2021-03-06 01:00:00,1,Amazon,297.1234741210937,0.0031183899845927,0.001563245197758
2021-03-16 01:00:00,1,Amazon,297.3216857910156,0.0031853558029979,0.2249081432819366
2021-03-26 01:00:00,1,Amazon,295.9748840332031,0.0037337455432862,0.0
2021-04-05 01:00:00,1,Amazon,298.4169616699219,0.0039047601167112,0.0
2021-04-15 01:00:00,1,Amazon,297.1371459960937,0.0070586567744612,0.4612685441970825
2021-04-25 01:00:00,1,Amazon,297.2395324707031,0.0041303504258394,0.1128254234790802
2021-05-05 01:00:00,1,Amazon,296.8816223144531,0.00336674018763,0.0304117556661367
2021-05-15 01:00:00,1,Amazon,297.225830078125,0.003510468173772,0.0655707642436027
2021-05-25 01:00:00,1,Amazon,298.6963195800781,0.0057326876558363,0.0267497524619102
2021-06-04 01:00:00,1,Amazon,297.8365783691406,0.0056596156209707,0.103621020913124
2021-06-14 01:00:00,1,Amazon,297.8171691894531,0.0033423611894249,0.0
2021-06-24 01:00:00,1,Amazon,296.2811584472656,0.0031427654903382,0.4440264403820038
2021-07-04 01:00:00,1,Amazon,295.4390563964844,0.0157127249985933,0.4610911905765533
2021-07-14 01:00:00,1,Amazon,295.7591247558594,0.0034532302524894,0.0
2021-07-24 01:00:00,1,Amazon,297.169921875,0.0033711434807628,0.0018711647717282
2021-08-03 01:00:00,1,Amazon,296.1104431152344,0.0042259125038981,0.0130223417654633
2021-08-13 01:00:00,1,Amazon,297.6376953125,0.0044063334353268,0.1217982396483421
2021-08-23 01:00:00,1,Amazon,298.3267822265625,0.005372988525778,0.0
2021-09-02 01:00:00,1,Amazon,296.724609375,0.0032399443443864,0.3218196928501129
2021-09-12 01:00:00,1,Amazon,298.88775634765625,0.0043652183376252,2.354594471398741e-06
2021-09-22 01:00:00,1,Amazon,298.9433898925781,0.0180423334240913,0.0
2021-10-02 01:00:00,1,Amazon,299.034423828125,0.0031558903865516,2.8848407964687794e-06
2021-10-12 01:00:00,1,Amazon,298.41064453125,0.0046824789606034,0.3748868107795715
2021-10-22 01:00:00,1,Amazon,297.0530700683594,0.003214840311557,0.3218601942062378
2021-11-01 01:00:00,1,Amazon,297.924560546875,0.0049006873741745,0.1970106363296508
2021-11-11 01:00:00,1,Amazon,297.7524108886719,0.0073266476392745,0.3069087266921997
2021-11-21 01:00:00,1,Amazon,297.5779113769531,0.0031722842250019,0.4318306744098663
2021-12-01 01:00:00,1,Amazon,297.95086669921875,0.0032045035623013,0.4591290950775146
2021-12-11 01:00:00,1,Amazon,298.1973571777344,0.003253839444369,0.2440235763788223
2021-12-21 01:00:00,1,Amazon,298.1338195800781,0.0035313246771693,0.3279310464859009
2021-12-31 01:00:00,1,Amazon,297.1641540527344,0.0046418057754635,0.4647781252861023
2020-01-01 01:00:00,2,Congo,294.9584045410156,0.0031017293222248,0.0
2020-01-11 01:00:00,2,Congo,293.18292236328125,0.0041245673783123,0.4859253168106079
2020-01-21 01:00:00,2,Congo,294.6493835449219,0.0044667138718068,0.0
2020-01-31 01:00:00,2,Congo,293.9543151855469,0.0038706245832145,0.0
2020-02-10 01:00:00,2,Congo,295.0744934082031,0.0071908603422343,0.045942336320877
2020-02-20 01:00:00,2,Congo,295.1259765625,0.0038200782146304,0.3848974704742431
2020-03-01 01:00:00,2,Congo,296.0660095214844,0.0053128614090383,0.4087698757648468
2020-03-11 01:00:00,2,Congo,294.91180419921875,0.0038405812811106,0.0
2020-03-21 01:00:00,2,Congo,296.891357421875,0.05307362601161,0.0
2020-03-31 01:00:00,2,Congo,295.35107421875,0.0041752788238227,0.0
2020-04-10 01:00:00,2,Congo,294.9208374023437,0.0033388345036655,0.0
2020-04-20 01:00:00,2,Congo,294.8701171875,0.0080755176022648,0.4292256832122803
2020-04-30 01:00:00,2,Congo,294.2045288085937,0.0036105518229305,0.0
2020-05-10 01:00:00,2,Congo,295.4836120605469,0.0034265813883394,0.2849714756011963
2020-05-20 01:00:00,2,Congo,293.9652404785156,0.0040594860911369,0.0
2020-05-30 01:00:00,2,Congo,295.8824462890625,0.0031562091317027,0.1093481853604316
2020-06-09 01:00:00,2,Congo,295.0763244628906,0.0034354468807578,0.0
2020-06-19 01:00:00,2,Congo,291.37969970703125,0.0044845081865787,0.0
2020-06-29 01:00:00,2,Congo,295.0860900878906,0.0030954002868384,0.007754014339298
2020-07-09 01:00:00,2,Congo,294.3608703613281,0.0036717706825584,0.0
2020-07-19 01:00:00,2,Congo,293.3743896484375,0.0031457818113267,0.0
2020-07-29 01:00:00,2,Congo,293.00653076171875,0.0048164064064621,0.0
2020-08-08 01:00:00,2,Congo,294.12384033203125,0.0037629315629601,0.012002115137875
2020-08-18 01:00:00,2,Congo,295.25518798828125,0.0034949369728565,0.0004056866746395
2020-08-28 01:00:00,2,Congo,293.5403137207031,0.0041573732160031,0.010286153294146
2020-09-07 01:00:00,2,Congo,293.0823669433594,0.0040537822060287,0.0
2020-09-17 01:00:00,2,Congo,293.7260131835937,0.0036372414324432,0.0
2020-09-27 01:00:00,2,Congo,294.127197265625,0.0037651141174137,0.2825564444065094
2020-10-07 01:00:00,2,Congo,294.416748046875,0.0049260170198976,0.0
2020-10-17 01:00:00,2,Congo,294.67950439453125,0.0032152286730706,0.4705150127410888
2020-10-27 01:00:00,2,Congo,293.5704650878906,0.0039977547712624,0.0
2020-11-06 01:00:00,2,Congo,294.2001037597656,0.0038197066169232,0.4266075193881988
2020-11-16 01:00:00,2,Congo,294.0858459472656,0.0032087690196931,0.0340799689292907
2020-11-26 01:00:00,2,Congo,293.56817626953125,0.0034079488832503,0.0
2020-12-06 01:00:00,2,Congo,293.9478454589844,0.0031571092549711,0.0469681248068809
2020-12-16 01:00:00,2,Congo,294.49517822265625,0.0031250952742993,0.0
2020-12-26 01:00:00,2,Congo,295.1872253417969,0.0031138614285737,0.3819713592529297
2021-01-05 01:00:00,2,Congo,295.51519775390625,0.0270339753478765,0.0
2021-01-15 01:00:00,2,Congo,296.00311279296875,0.027787571772933,0.4939047992229461
2021-01-25 01:00:00,2,Congo,294.7919006347656,0.0130656268447637,0.4157048761844635
2021-02-04 01:00:00,2,Congo,296.99578857421875,0.0037518180906772,0.0
2021-02-14 01:00:00,2,Congo,296.9008178710937,0.0043721683323383,0.0
2021-02-24 01:00:00,2,Congo,295.0169677734375,0.0306407008320093,0.4543064832687378
2021-03-06 01:00:00,2,Congo,297.3056945800781,0.0046537169255316,2.4588080123066906e-05
2021-03-16 01:00:00,2,Congo,296.0092163085937,0.033876147121191,0.3538192808628082
2021-03-26 01:00:00,2,Congo,293.5211181640625,0.0039770836010575,0.0
2021-04-05 01:00:00,2,Congo,295.8243408203125,0.0037801770959049,0.0
2021-04-15 01:00:00,2,Congo,293.7959899902344,0.0043813209049403,0.0
2021-04-25 01:00:00,2,Congo,294.36688232421875,0.0033109593205153,0.0520246773958206
2021-05-05 01:00:00,2,Congo,295.998779296875,0.003124485258013,0.0528751164674758
2021-05-15 01:00:00,2,Congo,294.47662353515625,0.0041531403549015,0.0
2021-05-25 01:00:00,2,Congo,293.89263916015625,0.0031484018545597,0.0
2021-06-04 01:00:00,2,Congo,293.0449523925781,0.0035587965976446,0.0083467410877347
2021-06-14 01:00:00,2,Congo,292.6985778808594,0.0054713343270123,0.0
2021-06-24 01:00:00,2,Congo,293.8284912109375,0.0047681825235486,0.0
2021-07-04 01:00:00,2,Congo,294.5097045898437,0.0047953282482922,0.0
2021-07-14 01:00:00,2,Congo,293.00323486328125,0.0050852689892053,0.0
2021-07-24 01:00:00,2,Congo,293.9049987792969,0.0040568872354924,0.0
2021-08-03 01:00:00,2,Congo,294.9017333984375,0.0039567053318023,0.0
2021-08-13 01:00:00,2,Congo,294.0293884277344,0.0040852949023246,0.008668684400618
2021-08-23 01:00:00,2,Congo,294.0638732910156,0.0041786176152527,0.0
2021-09-02 01:00:00,2,Congo,295.8556823730469,0.0376850627362728,0.4798012375831604
2021-09-12 01:00:00,2,Congo,294.7746276855469,0.0376584567129612,0.4679919183254242
2021-09-22 01:00:00,2,Congo,293.40118408203125,0.0040766177698969,0.0
2021-10-02 01:00:00,2,Congo,295.48828125,0.0033821186516433,0.0727811306715011
2021-10-12 01:00:00,2,Congo,295.1291809082031,0.0144276302307844,0.3548221588134765
2021-10-22 01:00:00,2,Congo,294.410400390625,0.0362362749874591,0.4828692078590393
2021-11-01 01:00:00,2,Congo,294.7973022460937,0.0038850263226777,0.0240213684737682
2021-11-11 01:00:00,2,Congo,295.66070556640625,0.0113964602351188,0.3822154104709625
2021-11-21 01:00:00,2,Congo,294.7513122558594,0.0039507313631474,0.0
2021-12-01 01:00:00,2,Congo,292.546630859375,0.0031154002062976,0.3489135205745697
2021-12-11 01:00:00,2,Congo,295.2436218261719,0.0040047732181847,0.0
2021-12-21 01:00:00,2,Congo,294.19775390625,0.0041449121199548,0.0
2021-12-31 01:00:00,2,Congo,293.7862548828125,0.0034333667717874,0.0
2020-01-01 01:00:00,3,Sahel,292.94244384765625,0.072412796318531,0.0
2020-01-11 01:00:00,3,Sahel,293.0170288085937,0.0274446923285722,0.0
2020-01-21 01:00:00,3,Sahel,291.7692565917969,0.0304282400757074,0.0
2020-01-31 01:00:00,3,Sahel,293.7062683105469,0.0410193726420402,0.0
2020-02-10 01:00:00,3,Sahel,294.6833190917969,0.0377091877162456,0.0
2020-02-20 01:00:00,3,Sahel,292.40167236328125,0.0343818441033363,0.0
2020-03-01 01:00:00,3,Sahel,293.04815673828125,0.0198349617421627,0.0
2020-03-11 01:00:00,3,Sahel,297.1926574707031,0.0272268019616603,0.0
2020-03-21 01:00:00,3,Sahel,298.8876342773437,0.0040285512804985,0.0
2020-03-31 01:00:00,3,Sahel,294.3126525878906,0.0040821428410708,0.0
2020-04-10 01:00:00,3,Sahel,301.622802734375,0.0297975204885005,0.0
2020-04-20 01:00:00,3,Sahel,302.0397644042969,0.0488587133586406,0.0
2020-04-30 01:00:00,3,Sahel,303.139404296875,0.0511362999677658,0.0
2020-05-10 01:00:00,3,Sahel,295.87213134765625,0.0024567602667957,0.0
2020-05-20 01:00:00,3,Sahel,302.71270751953125,0.0670775175094604,0.0
2020-05-30 01:00:00,3,Sahel,303.0068054199219,0.0615524426102638,0.0
2020-06-09 01:00:00,3,Sahel,303.5207824707031,0.0478340089321136,0.0
2020-06-19 01:00:00,3,Sahel,302.27752685546875,0.0547841489315032,0.0
2020-06-29 01:00:00,3,Sahel,301.896484375,0.0408839620649814,0.0
2020-07-09 01:00:00,3,Sahel,301.2795104980469,0.0402307771146297,0.0
2020-07-19 01:00:00,3,Sahel,296.9212951660156,0.0296211689710617,0.0
2020-07-29 01:00:00,3,Sahel,297.3599548339844,0.0206308327615261,0.0
2020-08-08 01:00:00,3,Sahel,296.2834777832031,0.0215613059699535,0.1903907209634781
2020-08-18 01:00:00,3,Sahel,299.5603942871094,0.0423633269965648,0.0
2020-08-28 01:00:00,3,Sahel,295.9657592773437,0.0270421840250492,0.0139984572306275
2020-09-07 01:00:00,3,Sahel,295.2671203613281,0.0383807867765426,0.112800009548664
2020-09-17 01:00:00,3,Sahel,297.55731201171875,0.0321780517697334,0.0
2020-09-27 01:00:00,3,Sahel,298.9576110839844,0.0398840978741645,0.0
2020-10-07 01:00:00,3,Sahel,299.7514953613281,0.0576482787728309,0.0
2020-10-17 01:00:00,3,Sahel,300.079833984375,0.028395190834999,0.0
2020-10-27 01:00:00,3,Sahel,292.770263671875,0.019988764077425,0.0
2020-11-06 01:00:00,3,Sahel,293.81427001953125,0.0041927387937903,0.0
2020-11-16 01:00:00,3,Sahel,293.8258056640625,0.0299753472208976,0.0
2020-11-26 01:00:00,3,Sahel,289.1928405761719,0.004751753527671,0.0
2020-12-06 01:00:00,3,Sahel,290.9405822753906,0.0034186509437859,0.0
2020-12-16 01:00:00,3,Sahel,293.2638854980469,0.0273780897259712,0.0
2020-12-26 01:00:00,3,Sahel,290.2325744628906,0.0277687851339578,0.0
2021-01-05 01:00:00,3,Sahel,289.1328125,0.0047070020809769,0.0
2021-01-15 01:00:00,3,Sahel,289.2947082519531,0.0175852421671152,0.0
2021-01-25 01:00:00,3,Sahel,288.8750915527344,0.0267818700522184,0.0
2021-02-04 01:00:00,3,Sahel,291.9516906738281,0.0359533429145813,0.0
2021-02-14 01:00:00,3,Sahel,291.35479736328125,0.0161150358617305,0.0
2021-02-24 01:00:00,3,Sahel,289.85089111328125,0.024949811398983,0.0
2021-03-06 01:00:00,3,Sahel,296.7388610839844,0.0341583937406539,0.0
2021-03-16 01:00:00,3,Sahel,297.1888732910156,0.0282506924122571,0.0
2021-03-26 01:00:00,3,Sahel,296.11578369140625,0.022184120491147,0.0
2021-04-05 01:00:00,3,Sahel,294.6452941894531,0.0237563140690326,0.0
2021-04-15 01:00:00,3,Sahel,294.1424255371094,0.0039002650883048,0.0
2021-04-25 01:00:00,3,Sahel,293.3368225097656,0.0031456095166504,0.0
2021-05-05 01:00:00,3,Sahel,302.5648803710937,0.0507891289889812,0.0
2021-05-15 01:00:00,3,Sahel,303.48046875,0.0293567031621933,0.0
2021-05-25 01:00:00,3,Sahel,301.8055419921875,0.0264479629695415,0.0
2021-06-04 01:00:00,3,Sahel,303.502685546875,0.0387124307453632,0.0
2021-06-14 01:00:00,3,Sahel,300.861083984375,0.0105061661452054,0.0
2021-06-24 01:00:00,3,Sahel,301.2973022460937,0.0347101204097271,0.0
2021-07-04 01:00:00,3,Sahel,301.7478332519531,0.0457592271268367,0.0
2021-07-14 01:00:00,3,Sahel,298.8941650390625,0.0334144532680511,0.0
2021-07-24 01:00:00,3,Sahel,298.6918334960937,0.0345583446323871,0.0
2021-08-03 01:00:00,3,Sahel,299.6717529296875,0.0409873388707637,0.0
2021-08-13 01:00:00,3,Sahel,297.6421203613281,0.0370209924876689,0.0
2021-08-23 01:00:00,3,Sahel,298.2282409667969,0.0401537641882896,0.0
2021-09-02 01:00:00,3,Sahel,301.057861328125,0.0530622862279415,0.0
2021-09-12 01:00:00,3,Sahel,300.1578063964844,0.0369194000959396,0.0
2021-09-22 01:00:00,3,Sahel,300.47320556640625,0.0514860451221466,0.0
2021-10-02 01:00:00,3,Sahel,300.22857666015625,0.0435026921331882,0.0
2021-10-12 01:00:00,3,Sahel,298.4519958496094,0.0256304889917373,0.0
2021-10-22 01:00:00,3,Sahel,300.0176086425781,0.0252410173416137,0.0
2021-11-01 01:00:00,3,Sahel,294.3524169921875,0.0111976200714707,0.0
2021-11-11 01:00:00,3,Sahel,293.84619140625,0.0030374587513506,0.0
2021-11-21 01:00:00,3,Sahel,295.00390625,0.0339285209774971,0.0
2021-12-01 01:00:00,3,Sahel,292.29266357421875,0.019989013671875,0.0
2021-12-11 01:00:00,3,Sahel,291.1318664550781,0.0248143170028924,0.0
2021-12-21 01:00:00,3,Sahel,289.836181640625,0.0372761264443397,0.0
2021-12-31 01:00:00,3,Sahel,288.9735717773437,0.0266794916242361,0.0
2020-01-01 01:00:00,4,Germany,275.3065795898437,0.0714524686336517,0.0007144927512854
2020-01-11 01:00:00,4,Germany,275.6978454589844,0.0689099431037902,0.1041949391365051
2020-01-21 01:00:00,4,Germany,272.1420593261719,0.0040421704761683,0.1351304799318313
2020-01-31 01:00:00,4,Germany,274.0663757324219,0.1289073377847671,0.1582416445016861
2020-02-10 01:00:00,4,Germany,283.34796142578125,0.1917364746332168,0.0
2020-02-20 01:00:00,4,Germany,273.37176513671875,0.0519978925585746,0.0
2020-03-01 01:00:00,4,Germany,273.16607666015625,0.0835368558764457,0.1991129219532013
2020-03-11 01:00:00,4,Germany,282.7152404785156,0.1247338280081749,0.0078340172767639
2020-03-21 01:00:00,4,Germany,275.9405212402344,0.0603134594857692,0.1744665503501892
2020-03-31 01:00:00,4,Germany,270.4759521484375,0.0037765684537589,0.0032315435819327
2020-04-10 01:00:00,4,Germany,276.3529968261719,0.0040818429552018,0.0
2020-04-20 01:00:00,4,Germany,276.3114318847656,0.0280738100409507,0.0
2020-04-30 01:00:00,4,Germany,282.1880798339844,0.0218991562724113,2.553498688939726e-06
2020-05-10 01:00:00,4,Germany,280.2701721191406,0.0035079829394817,0.0
2020-05-20 01:00:00,4,Germany,281.31005859375,0.0024488719645887,0.0
2020-05-30 01:00:00,4,Germany,280.0326538085937,0.0045106206089258,0.0
2020-06-09 01:00:00,4,Germany,283.1813659667969,0.0024488719645887,0.0
2020-06-19 01:00:00,4,Germany,286.8744506835937,0.0571033284068107,0.3067474663257599
2020-06-29 01:00:00,4,Germany,288.8263244628906,0.00372862117365,0.1929829120635986
2020-07-09 01:00:00,4,Germany,282.9962158203125,0.004925531335175,0.1426175087690353
2020-07-19 01:00:00,4,Germany,287.5028381347656,0.0024488719645887,0.0
2020-07-29 01:00:00,4,Germany,287.5244140625,0.0046837059780955,0.0
2020-08-08 01:00:00,4,Germany,289.7187194824219,0.0049609057605266,0.0
2020-08-18 01:00:00,4,Germany,290.304443359375,0.0204746052622795,0.3283936679363251
2020-08-28 01:00:00,4,Germany,285.6925964355469,0.0208164472132921,0.0
2020-09-07 01:00:00,4,Germany,280.4725646972656,0.0041033993475139,0.0
2020-09-17 01:00:00,4,Germany,289.4501647949219,0.0424468331038951,9.919865988194942e-06
2020-09-27 01:00:00,4,Germany,279.1885681152344,0.0043113394640386,0.1840901225805282
2020-10-07 01:00:00,4,Germany,283.40643310546875,0.0687229856848716,2.441834658384323e-05
2020-10-17 01:00:00,4,Germany,279.9587707519531,0.0464350171387195,0.2456414550542831
2020-10-27 01:00:00,4,Germany,278.5731506347656,0.0346370115876197,0.0028095198795199
2020-11-06 01:00:00,4,Germany,274.9657287597656,0.0047769681550562,0.0
2020-11-16 01:00:00,4,Germany,281.7814025878906,0.0795593485236167,4.2360275983810425e-05
2020-11-26 01:00:00,4,Germany,270.4462585449219,0.0060361814685165,0.0
2020-12-06 01:00:00,4,Germany,273.24481201171875,0.0032117392402142,0.1925728321075439
2020-12-16 01:00:00,4,Germany,279.6284484863281,0.0321185700595378,0.1106039956212043
2020-12-26 01:00:00,4,Germany,271.2933959960937,0.029097119346261,0.1373689323663711
2021-01-05 01:00:00,4,Germany,272.8479309082031,0.0374164320528507,0.0164327975362539
2021-01-15 01:00:00,4,Germany,271.2930908203125,0.0223791748285293,0.0
2021-01-25 01:00:00,4,Germany,272.46795654296875,0.052270159125328,0.1035915464162826
2021-02-04 01:00:00,4,Germany,279.34625244140625,0.1154363676905632,0.1195300295948982
2021-02-14 01:00:00,4,Germany,260.0220642089844,0.0038823666982352,0.0
2021-02-24 01:00:00,4,Germany,279.5460510253906,0.0193238016217947,0.0
2021-03-06 01:00:00,4,Germany,266.67071533203125,0.0035426716785877,0.0015484084142372
2021-03-16 01:00:00,4,Germany,274.46612548828125,0.079517014324665,0.2075741291046142
2021-03-26 01:00:00,4,Germany,274.40020751953125,0.0056044291704893,0.0842350050806999
2021-04-05 01:00:00,4,Germany,274.7455139160156,0.065612219274044,7.132184691727161e-07
2021-04-15 01:00:00,4,Germany,270.5991516113281,0.0045632002875208,0.1641094386577606
2021-04-25 01:00:00,4,Germany,273.938720703125,0.0024488719645887,0.0133220292627811
2021-05-05 01:00:00,4,Germany,279.7382202148437,0.0852880403399467,0.0
2021-05-15 01:00:00,4,Germany,279.31060791015625,0.0146907176822423,0.0591847524046897
2021-05-25 01:00:00,4,Germany,283.5085754394531,0.0456738322973251,0.2386547029018402
2021-06-04 01:00:00,4,Germany,287.0906982421875,0.0225019101053476,0.0
2021-06-14 01:00:00,4,Germany,280.4526672363281,0.0041726371273398,0.0
2021-06-24 01:00:00,4,Germany,289.0718994140625,0.0544910132884979,0.0003261715173721
2021-07-04 01:00:00,4,Germany,283.1281433105469,0.0049332459457218,0.0
2021-07-14 01:00:00,4,Germany,290.2276306152344,0.0607082173228263,0.250383049249649
2021-07-24 01:00:00,4,Germany,286.816650390625,0.0044343350455164,0.0
2021-08-03 01:00:00,4,Germany,285.1017761230469,0.0177947171032428,0.2028649598360061
2021-08-13 01:00:00,4,Germany,289.1885681152344,0.0136733166873455,0.0
2021-08-23 01:00:00,4,Germany,287.8819274902344,0.0528923906385898,0.3391226828098297
2021-09-02 01:00:00,4,Germany,284.1875305175781,0.0040739993564784,0.1056957244873046
2021-09-12 01:00:00,4,Germany,288.0906982421875,0.0177423544228076,0.2834722995758056
2021-09-22 01:00:00,4,Germany,284.0054016113281,0.0643909126520156,4.920177161693573e-05
2021-10-02 01:00:00,4,Germany,282.3446044921875,0.0194972343742847,0.0
2021-10-12 01:00:00,4,Germany,279.5624694824219,0.0419283173978328,0.2247463762760162
2021-10-22 01:00:00,4,Germany,277.7821655273437,0.0775092020630836,0.0
2021-11-01 01:00:00,4,Germany,282.12750244140625,0.0580816939473152,0.0
2021-11-11 01:00:00,4,Germany,271.8143310546875,0.0040241302922368,0.0
2021-11-21 01:00:00,4,Germany,278.04541015625,0.0517303794622421,0.0
2021-12-01 01:00:00,4,Germany,273.1799621582031,0.0457691252231597,0.1951068490743637
2021-12-11 01:00:00,4,Germany,266.85821533203125,0.0035690953955054,0.0022574996110051
2021-12-21 01:00:00,4,Germany,272.5964660644531,0.0169274322688579,0.100626915693283
2021-12-31 01:00:00,4,Germany,283.8482360839844,0.0914127603173255,0.1506811529397964
2020-01-01 01:00:00,5,BoealCanada,268.8160095214844,0.0769223049283027,0.0
2020-01-11 01:00:00,5,BoealCanada,242.8089599609375,0.0052805342711508,0.0
2020-01-21 01:00:00,5,BoealCanada,261.8170471191406,0.0247841328382492,0.0
2020-01-31 01:00:00,5,BoealCanada,265.4626770019531,0.0065931589342653,0.0
2020-02-10 01:00:00,5,BoealCanada,265.4862365722656,0.0439498648047447,0.0
2020-02-20 01:00:00,5,BoealCanada,259.8953552246094,0.0696315318346023,0.0
2020-03-01 01:00:00,5,BoealCanada,269.9946594238281,0.0858407691121101,0.0004267296171747
2020-03-11 01:00:00,5,BoealCanada,270.1413879394531,0.0795497074723243,0.0
2020-03-21 01:00:00,5,BoealCanada,266.0943908691406,0.0637373477220535,0.0
2020-03-31 01:00:00,5,BoealCanada,263.7543029785156,0.0705750808119773,0.0
2020-04-10 01:00:00,5,BoealCanada,274.0550231933594,0.0873899608850479,2.661440521478653e-05
2020-04-20 01:00:00,5,BoealCanada,277.3993835449219,0.0801377147436142,3.791050403378904e-06
2020-04-30 01:00:00,5,BoealCanada,289.54766845703125,0.0750828459858894,0.0
2020-05-10 01:00:00,5,BoealCanada,280.84716796875,0.1015329658985138,0.000356032513082
2020-05-20 01:00:00,5,BoealCanada,286.8539123535156,0.0844040587544441,0.0
2020-05-30 01:00:00,5,BoealCanada,290.33612060546875,0.1258911490440368,0.0
2020-06-09 01:00:00,5,BoealCanada,283.5902404785156,0.0599113553762435,0.0
2020-06-19 01:00:00,5,BoealCanada,290.78131103515625,0.1006210148334503,0.0
2020-06-29 01:00:00,5,BoealCanada,289.435791015625,0.0411335006356239,0.2671692967414856
2020-07-09 01:00:00,5,BoealCanada,286.4239501953125,0.0975295975804328,0.3072112202644348
2020-07-19 01:00:00,5,BoealCanada,290.10357666015625,0.0291701648384332,0.0856000334024429
2020-07-29 01:00:00,5,BoealCanada,300.6113586425781,0.0930661484599113,0.0
2020-08-08 01:00:00,5,BoealCanada,293.3783569335937,0.0344876535236835,0.1834698021411895
2020-08-18 01:00:00,5,BoealCanada,299.36285400390625,0.0922749117016792,0.0
2020-08-28 01:00:00,5,BoealCanada,286.89141845703125,0.0394915305078029,0.1234360188245773
2020-09-07 01:00:00,5,BoealCanada,283.0355529785156,0.0831589475274086,0.0
2020-09-17 01:00:00,5,BoealCanada,280.88006591796875,0.0143628548830747,0.0
2020-09-27 01:00:00,5,BoealCanada,282.66558837890625,0.031099809333682,0.0002481266856193
2020-10-07 01:00:00,5,BoealCanada,280.9151306152344,0.0983134135603904,2.759881317615509e-05
2020-10-17 01:00:00,5,BoealCanada,268.8741760253906,0.0946075245738029,0.0
2020-10-27 01:00:00,5,BoealCanada,265.1520690917969,0.0038947334978729,0.0
2020-11-06 01:00:00,5,BoealCanada,267.292236328125,0.0472574979066848,0.0037663618568331
2020-11-16 01:00:00,5,BoealCanada,263.2080078125,0.003855152754113,0.0
2020-11-26 01:00:00,5,BoealCanada,268.86138916015625,0.0572385191917419,0.0
2020-12-06 01:00:00,5,BoealCanada,269.5597229003906,0.0051479432731866,0.001837252639234
2020-12-16 01:00:00,5,BoealCanada,256.4794006347656,0.0276784244924783,0.0
2020-12-26 01:00:00,5,BoealCanada,258.34051513671875,0.0038670066278427,0.0
2021-01-05 01:00:00,5,BoealCanada,260.2364807128906,0.0058727194555103,0.0
2021-01-15 01:00:00,5,BoealCanada,266.64501953125,0.0791701078414917,0.0
2021-01-25 01:00:00,5,BoealCanada,238.91883850097656,0.0047404789365828,0.0
2021-02-04 01:00:00,5,BoealCanada,256.0726623535156,0.057774256914854,0.0
2021-02-14 01:00:00,5,BoealCanada,242.64085388183597,0.0040253465995192,0.0
2021-02-24 01:00:00,5,BoealCanada,264.8728942871094,0.0336764976382255,0.0
2021-03-06 01:00:00,5,BoealCanada,273.3811340332031,0.0541184432804584,5.039386451244354e-06
2021-03-16 01:00:00,5,BoealCanada,267.1678466796875,0.0409938357770442,0.0
2021-03-26 01:00:00,5,BoealCanada,265.3014221191406,0.0574999041855335,0.0
2021-04-05 01:00:00,5,BoealCanada,276.71563720703125,0.0506636761128902,0.0015792064368724
2021-04-15 01:00:00,5,BoealCanada,278.6981811523437,0.056902639567852,3.149434633087367e-07
2021-04-25 01:00:00,5,BoealCanada,275.1294860839844,0.0675892829895019,0.0002073412761092
2021-05-05 01:00:00,5,BoealCanada,281.4918518066406,0.0849881097674369,1.19435389933642e-06
2021-05-15 01:00:00,5,BoealCanada,290.57861328125,0.0829640254378318,0.0
2021-05-25 01:00:00,5,BoealCanada,280.8435974121094,0.1165724322199821,0.3393454551696777
2021-06-04 01:00:00,5,BoealCanada,296.88116455078125,0.0751329064369201,0.0
2021-06-14 01:00:00,5,BoealCanada,298.1815490722656,0.1109676510095596,0.0
2021-06-24 01:00:00,5,BoealCanada,292.0009460449219,0.1108367815613746,0.0
2021-07-04 01:00:00,5,BoealCanada,300.3715515136719,0.1234562322497367,0.0
2021-07-14 01:00:00,5,BoealCanada,297.43359375,0.1272318512201309,0.0
2021-07-24 01:00:00,5,BoealCanada,292.1631774902344,0.1031137257814407,0.0002266354858875
2021-08-03 01:00:00,5,BoealCanada,301.7535095214844,0.0899284109473228,0.0
2021-08-13 01:00:00,5,BoealCanada,291.4537658691406,0.0883496403694152,0.0
2021-08-23 01:00:00,5,BoealCanada,288.8331604003906,0.0538113936781883,0.0
2021-09-02 01:00:00,5,BoealCanada,287.3348693847656,0.0566575527191162,0.3686489462852478
2021-09-12 01:00:00,5,BoealCanada,288.1844482421875,0.0313968509435653,0.0
2021-09-22 01:00:00,5,BoealCanada,286.08905029296875,0.0671533942222595,0.0
2021-10-02 01:00:00,5,BoealCanada,281.7074279785156,0.0050875614397227,0.0
2021-10-12 01:00:00,5,BoealCanada,273.9381408691406,0.096593864262104,0.404721736907959
2021-10-22 01:00:00,5,BoealCanada,269.4629211425781,0.0060682254843413,0.0
2021-11-01 01:00:00,5,BoealCanada,269.110595703125,0.00427505094558,0.0
2021-11-11 01:00:00,5,BoealCanada,269.8931884765625,0.062980405986309,0.0
2021-11-21 01:00:00,5,BoealCanada,259.7982482910156,0.089858777821064,0.0
2021-12-01 01:00:00,5,BoealCanada,265.8013916015625,0.0066644735634326,0.0
2021-12-11 01:00:00,5,BoealCanada,255.9055938720703,0.0056840325705707,0.0
2021-12-21 01:00:00,5,BoealCanada,252.45620727539065,0.0046441638842225,0.0
2021-12-31 01:00:00,5,BoealCanada,242.75802612304688,0.0203963834792375,0.0
2020-01-01 01:00:00,6,GreatPlains,276.3438720703125,0.0345159359276294,0.0
2020-01-11 01:00:00,6,GreatPlains,269.8080139160156,0.0541307851672172,0.0
2020-01-21 01:00:00,6,GreatPlains,267.87164306640625,0.016565253958106,0.0
2020-01-31 01:00:00,6,GreatPlains,271.3924865722656,0.0166898816823959,5.214624616201036e-05
2020-02-10 01:00:00,6,GreatPlains,274.3270568847656,0.03279884532094,0.0
2020-02-20 01:00:00,6,GreatPlains,273.9747314453125,0.0255665369331836,0.042666956782341
2020-03-01 01:00:00,6,GreatPlains,286.20684814453125,0.0329293981194496,0.0
2020-03-11 01:00:00,6,GreatPlains,285.3355712890625,0.0227558091282844,0.0
2020-03-21 01:00:00,6,GreatPlains,275.1646423339844,0.0235717706382274,1.9109847926301882e-08
2020-03-31 01:00:00,6,GreatPlains,284.6393127441406,0.0285205151885747,7.186830043792725e-05
2020-04-10 01:00:00,6,GreatPlains,286.1244201660156,0.0224402621388435,0.0
2020-04-20 01:00:00,6,GreatPlains,291.21539306640625,0.0221223533153533,0.0
2020-04-30 01:00:00,6,GreatPlains,292.6663513183594,0.0301229674369096,0.0
2020-05-10 01:00:00,6,GreatPlains,291.9798278808594,0.0163425151258707,0.0
2020-05-20 01:00:00,6,GreatPlains,295.4154052734375,0.028897613286972,0.0
2020-05-30 01:00:00,6,GreatPlains,297.9344177246094,0.0246506575495004,0.0
2020-06-09 01:00:00,6,GreatPlains,306.2939147949219,0.0482096746563911,0.0
2020-06-19 01:00:00,6,GreatPlains,297.9622497558594,0.0137228537350893,0.0010789930820465
2020-06-29 01:00:00,6,GreatPlains,306.0863342285156,0.0499565079808235,0.0
2020-07-09 01:00:00,6,GreatPlains,307.37939453125,0.0385708324611187,0.0
2020-07-19 01:00:00,6,GreatPlains,308.0646057128906,0.0392744615674018,0.0
2020-07-29 01:00:00,6,GreatPlains,300.82257080078125,0.024803826585412,0.0
2020-08-08 01:00:00,6,GreatPlains,305.351318359375,0.0401415079832077,0.0
2020-08-18 01:00:00,6,GreatPlains,301.9779663085937,0.0180638320744037,0.0
2020-08-28 01:00:00,6,GreatPlains,304.8082580566406,0.0237505808472633,0.0
2020-09-07 01:00:00,6,GreatPlains,305.5746459960937,0.0323070622980594,0.0
2020-09-17 01:00:00,6,GreatPlains,297.00811767578125,0.022415267303586,0.0
2020-09-27 01:00:00,6,GreatPlains,301.9562683105469,0.0354938767850399,0.0
2020-10-07 01:00:00,6,GreatPlains,295.66510009765625,0.0205030515789985,0.0
2020-10-17 01:00:00,6,GreatPlains,287.8075866699219,0.032989278435707,0.0
2020-10-27 01:00:00,6,GreatPlains,271.09295654296875,0.0246823225170373,0.0
2020-11-06 01:00:00,6,GreatPlains,286.1268005371094,0.0027439149562269,0.0
2020-11-16 01:00:00,6,GreatPlains,279.6951599121094,0.0184256508946418,0.0
2020-11-26 01:00:00,6,GreatPlains,275.9123840332031,0.0172847341746091,0.0004025008529424
2020-12-06 01:00:00,6,GreatPlains,277.9941101074219,0.0146051486954092,0.0
2020-12-16 01:00:00,6,GreatPlains,270.1078491210937,0.0113078337162733,0.0
2020-12-26 01:00:00,6,GreatPlains,275.4545288085937,0.0184012036770582,0.0
2021-01-05 01:00:00,6,GreatPlains,274.3955078125,0.0023753091227263,0.0
2021-01-15 01:00:00,6,GreatPlains,278.4176940917969,0.0539567843079566,0.0
2021-01-25 01:00:00,6,GreatPlains,273.5936584472656,0.0204332843422889,0.0001333840191364
2021-02-04 01:00:00,6,GreatPlains,282.4782409667969,0.0387468226253986,0.0
2021-02-14 01:00:00,6,GreatPlains,262.4950866699219,0.0381493680179119,0.0
2021-02-24 01:00:00,6,GreatPlains,283.98809814453125,0.0213076379150152,0.0
2021-03-06 01:00:00,6,GreatPlains,283.3153991699219,0.0026570707559585,0.0
2021-03-16 01:00:00,6,GreatPlains,283.92108154296875,0.0212499890476465,0.0
2021-03-26 01:00:00,6,GreatPlains,282.4924011230469,0.0179467983543872,0.0
2021-04-05 01:00:00,6,GreatPlains,294.4671630859375,0.038948368281126,0.0
2021-04-15 01:00:00,6,GreatPlains,284.8446044921875,0.0219404604285955,0.0
2021-04-25 01:00:00,6,GreatPlains,290.1994934082031,0.021367747336626,0.0
2021-05-05 01:00:00,6,GreatPlains,289.78955078125,0.0199563223868608,0.0
2021-05-15 01:00:00,6,GreatPlains,290.1722106933594,0.0269482750445604,0.0172525271773338
2021-05-25 01:00:00,6,GreatPlains,295.1527404785156,0.0368857160210609,0.0001385658979415
2021-06-04 01:00:00,6,GreatPlains,298.8183288574219,0.0143884075805544,0.0
2021-06-14 01:00:00,6,GreatPlains,303.2399597167969,0.0197592135518789,0.0
2021-06-24 01:00:00,6,GreatPlains,307.37255859375,0.0469006299972534,0.0
2021-07-04 01:00:00,6,GreatPlains,300.91943359375,0.0281830802559852,0.0
2021-07-14 01:00:00,6,GreatPlains,305.96954345703125,0.0286445207893848,0.0
2021-07-24 01:00:00,6,GreatPlains,306.4041442871094,0.0334612391889095,0.0
2021-08-03 01:00:00,6,GreatPlains,301.97247314453125,0.0197254605591297,0.0
2021-08-13 01:00:00,6,GreatPlains,302.3101806640625,0.0031607546843588,0.0
2021-08-23 01:00:00,6,GreatPlains,304.578857421875,0.0442548170685768,0.0
2021-09-02 01:00:00,6,GreatPlains,306.4244384765625,0.0313441231846809,0.0
2021-09-12 01:00:00,6,GreatPlains,304.7879943847656,0.0430363565683364,0.0
2021-09-22 01:00:00,6,GreatPlains,291.6602783203125,0.0195946991443634,0.0
2021-10-02 01:00:00,6,GreatPlains,292.6019897460937,0.0023590128403156,0.0
2021-10-12 01:00:00,6,GreatPlains,292.29901123046875,0.0222517419606447,0.0
2021-10-22 01:00:00,6,GreatPlains,287.0599670410156,0.0150145376101136,0.0
2021-11-01 01:00:00,6,GreatPlains,281.6687316894531,0.0236339829862117,0.0
2021-11-11 01:00:00,6,GreatPlains,284.1849365234375,0.0372930206358432,0.0
2021-11-21 01:00:00,6,GreatPlains,282.1545715332031,0.0129506830126047,0.0
2021-12-01 01:00:00,6,GreatPlains,278.0653076171875,0.0023358575999736,4.139741213293746e-05
2021-12-11 01:00:00,6,GreatPlains,275.8946228027344,0.0532281026244163,0.0
2021-12-21 01:00:00,6,GreatPlains,272.5597229003906,0.0201595276594162,0.0
2021-12-31 01:00:00,6,GreatPlains,274.85699462890625,0.0212890356779098,1.1611482477746904e-06
2020-01-01 01:00:00,7,SpainMed,283.0064392089844,0.0211812891066074,0.0
2020-01-11 01:00:00,7,SpainMed,275.7038269042969,0.0031065382063388,0.0
2020-01-21 01:00:00,7,SpainMed,276.43707275390625,0.0075629651546478,0.006154391914606
2020-01-31 01:00:00,7,SpainMed,279.0094299316406,0.0062116459012031,0.0
2020-02-10 01:00:00,7,SpainMed,280.4525451660156,0.0100891180336475,0.0
2020-02-20 01:00:00,7,SpainMed,281.3602600097656,0.0076361205428838,0.0
2020-03-01 01:00:00,7,SpainMed,285.32720947265625,0.015579261817038,0.0053139328956604
2020-03-11 01:00:00,7,SpainMed,283.4109191894531,0.0113696847110986,0.0
2020-03-21 01:00:00,7,SpainMed,283.065185546875,0.0113641284406185,0.0115383248776197
2020-03-31 01:00:00,7,SpainMed,282.5082397460937,0.012850952334702,0.0143601540476083
2020-04-10 01:00:00,7,SpainMed,285.1116638183594,0.0069925813004374,0.0290676094591617
2020-04-20 01:00:00,7,SpainMed,283.5570678710937,0.0082479137927293,1.9110157154500484e-06
2020-04-30 01:00:00,7,SpainMed,281.9037475585937,0.0035458335187286,0.0
2020-05-10 01:00:00,7,SpainMed,285.5932312011719,0.0158779770135879,0.0428008511662483
2020-05-20 01:00:00,7,SpainMed,287.99920654296875,0.0038658622652292,0.0
2020-05-30 01:00:00,7,SpainMed,289.9989318847656,0.0073353964835405,0.0
2020-06-09 01:00:00,7,SpainMed,284.5107421875,0.0037936838343739,0.0
2020-06-19 01:00:00,7,SpainMed,287.2370300292969,0.0036825090646743,0.0
2020-06-29 01:00:00,7,SpainMed,293.6720275878906,0.0039032930508255,0.0
2020-07-09 01:00:00,7,SpainMed,290.6842041015625,0.0015876931138336,0.0
2020-07-19 01:00:00,7,SpainMed,295.8985900878906,0.0041234577074646,0.0
2020-07-29 01:00:00,7,SpainMed,294.4651184082031,0.0018673104932531,0.0
2020-08-08 01:00:00,7,SpainMed,295.41717529296875,0.0030810101889073,0.0
2020-08-18 01:00:00,7,SpainMed,290.56884765625,0.0012480238219723,0.0
2020-08-28 01:00:00,7,SpainMed,294.4569702148437,0.0022786636836826,0.0
2020-09-07 01:00:00,7,SpainMed,291.8894348144531,0.0045322361402213,0.0
2020-09-17 01:00:00,7,SpainMed,295.1907653808594,0.0068816319108009,0.0
2020-09-27 01:00:00,7,SpainMed,285.4471130371094,0.0039117559790611,0.0
2020-10-07 01:00:00,7,SpainMed,285.88165283203125,0.0037843552418053,0.0
2020-10-17 01:00:00,7,SpainMed,280.6410522460937,0.0022620311938226,0.0
2020-10-27 01:00:00,7,SpainMed,277.9012145996094,0.0012418802361935,0.0
2020-11-06 01:00:00,7,SpainMed,283.4177551269531,0.0022926633246243,0.0013343811733648
2020-11-16 01:00:00,7,SpainMed,285.4032287597656,0.002149112522602,0.0
2020-11-26 01:00:00,7,SpainMed,282.3398742675781,0.0015856195241212,0.0126415500417351
2020-12-06 01:00:00,7,SpainMed,274.521240234375,0.0025733271613717,1.0383722838014364e-05
2020-12-16 01:00:00,7,SpainMed,277.4142761230469,0.0082012256607413,0.0
2020-12-26 01:00:00,7,SpainMed,274.9695739746094,0.0047034732997417,0.0
2021-01-05 01:00:00,7,SpainMed,276.4031677246094,0.0053571416065096,0.0082629872485995
2021-01-15 01:00:00,7,SpainMed,272.918701171875,0.0023553487844765,0.0
2021-01-25 01:00:00,7,SpainMed,281.72235107421875,0.0020168931223452,0.0026007283013314
2021-02-04 01:00:00,7,SpainMed,280.6842346191406,0.0044863861985504,0.0
2021-02-14 01:00:00,7,SpainMed,279.0758972167969,0.0046339109539985,0.0
2021-02-24 01:00:00,7,SpainMed,277.837158203125,0.0061859539709985,0.0
2021-03-06 01:00:00,7,SpainMed,281.2574768066406,0.0067924088798463,0.0182977374643087
2021-03-16 01:00:00,7,SpainMed,280.0042419433594,0.008972505107522,0.0
2021-03-26 01:00:00,7,SpainMed,281.19342041015625,0.0017448320286348,0.0
2021-04-05 01:00:00,7,SpainMed,284.6017150878906,0.0101727275177836,0.0
2021-04-15 01:00:00,7,SpainMed,285.12615966796875,0.0091506233438849,0.0
2021-04-25 01:00:00,7,SpainMed,284.6591796875,0.0074055576696991,0.0620961748063564
2021-05-05 01:00:00,7,SpainMed,283.2962646484375,0.0037101493217051,0.0
2021-05-15 01:00:00,7,SpainMed,284.6088256835937,0.0014618353452533,0.0
2021-05-25 01:00:00,7,SpainMed,285.0844116210937,0.0015656857285648,0.0
2021-06-04 01:00:00,7,SpainMed,288.03326416015625,0.0034816558472812,0.0
2021-06-14 01:00:00,7,SpainMed,291.0067138671875,0.0038855597376823,0.0
2021-06-24 01:00:00,7,SpainMed,288.253173828125,0.0046496684662997,0.0
2021-07-04 01:00:00,7,SpainMed,291.5096740722656,0.0035168100148439,0.0
2021-07-14 01:00:00,7,SpainMed,290.0309753417969,0.0030513738747686,0.0
2021-07-24 01:00:00,7,SpainMed,293.0822448730469,0.001422589411959,0.0
2021-08-03 01:00:00,7,SpainMed,290.6669616699219,0.0036660823971033,0.0
2021-08-13 01:00:00,7,SpainMed,296.8340759277344,0.0032779988832771,0.0
2021-08-23 01:00:00,7,SpainMed,295.8097229003906,0.003970667719841,0.0
2021-09-02 01:00:00,7,SpainMed,290.38385009765625,0.0033159689046442,0.0668886601924896
2021-09-12 01:00:00,7,SpainMed,290.3705444335937,0.0029159667901694,0.0
2021-09-22 01:00:00,7,SpainMed,287.62994384765625,0.002815214684233,0.0
2021-10-02 01:00:00,7,SpainMed,288.6423034667969,0.0014765607193112,0.0
2021-10-12 01:00:00,7,SpainMed,287.1548767089844,0.003459864296019,0.0
2021-10-22 01:00:00,7,SpainMed,284.2059326171875,0.0014969003386795,0.0
2021-11-01 01:00:00,7,SpainMed,289.9537048339844,0.0167425498366355,0.0238461233675479
2021-11-11 01:00:00,7,SpainMed,278.4393310546875,0.0019063483923673,0.0
2021-11-21 01:00:00,7,SpainMed,281.76806640625,0.0082870349287986,0.0145250083878636
2021-12-01 01:00:00,7,SpainMed,275.5975952148437,0.0036267060786485,0.0
2021-12-11 01:00:00,7,SpainMed,280.7710266113281,0.0018898292910307,0.01874465867877
2021-12-21 01:00:00,7,SpainMed,281.8907165527344,0.0046193217858672,0.0
2021-12-31 01:00:00,7,SpainMed,279.9090270996094,0.0083174100145697,0.0
2020-01-01 01:00:00,8,IndiaDeccan,293.4301147460937,0.0658631026744842,0.0
2020-01-11 01:00:00,8,IndiaDeccan,291.0334167480469,0.0463663637638092,0.0
2020-01-21 01:00:00,8,IndiaDeccan,293.486572265625,0.0447476394474506,9.560491889715196e-06
2020-01-31 01:00:00,8,IndiaDeccan,290.6596069335937,0.0391279272735118,0.0
2020-02-10 01:00:00,8,IndiaDeccan,291.644287109375,0.0428317338228225,1.6377773135900497e-05
2020-02-20 01:00:00,8,IndiaDeccan,293.7204895019531,0.0493648760020732,0.0
2020-03-01 01:00:00,8,IndiaDeccan,292.8664245605469,0.0036991965025663,5.61913475394249e-06
2020-03-11 01:00:00,8,IndiaDeccan,294.2193603515625,0.0183324627578258,0.0
2020-03-21 01:00:00,8,IndiaDeccan,291.19207763671875,0.0123799974098801,0.0
2020-03-31 01:00:00,8,IndiaDeccan,296.98712158203125,0.0332422368228435,0.0
2020-04-10 01:00:00,8,IndiaDeccan,297.8810119628906,0.0450242348015308,0.0
2020-04-20 01:00:00,8,IndiaDeccan,296.8275451660156,0.0031713750213384,0.0
2020-04-30 01:00:00,8,IndiaDeccan,299.6370849609375,0.0153853306546807,0.0
2020-05-10 01:00:00,8,IndiaDeccan,302.4507751464844,0.0263209193944931,0.0
2020-05-20 01:00:00,8,IndiaDeccan,297.7356872558594,0.04905990883708,0.0
2020-05-30 01:00:00,8,IndiaDeccan,298.8875427246094,0.0432070717215538,0.0
2020-06-09 01:00:00,8,IndiaDeccan,295.6526184082031,0.0343590751290321,0.0
2020-06-19 01:00:00,8,IndiaDeccan,296.0698547363281,0.0378136821091175,0.0536624416708946
2020-06-29 01:00:00,8,IndiaDeccan,295.7001647949219,0.0172649547457695,0.2186706811189651
2020-07-09 01:00:00,8,IndiaDeccan,295.53521728515625,0.026967104524374,0.2625988721847534
2020-07-19 01:00:00,8,IndiaDeccan,294.7147216796875,0.0174101144075393,0.1861841976642608
2020-07-29 01:00:00,8,IndiaDeccan,295.28472900390625,0.0175235159695148,0.1105429679155349
2020-08-08 01:00:00,8,IndiaDeccan,295.7597045898437,0.0374541133642196,0.0
2020-08-18 01:00:00,8,IndiaDeccan,294.8813781738281,0.0417362488806247,0.0220580976456403
2020-08-28 01:00:00,8,IndiaDeccan,293.9673767089844,0.0208779964596033,0.0
2020-09-07 01:00:00,8,IndiaDeccan,294.53729248046875,0.0029461071826517,0.1707796454429626
2020-09-17 01:00:00,8,IndiaDeccan,295.2431335449219,0.0195005945861339,0.1317367851734161
2020-09-27 01:00:00,8,IndiaDeccan,293.2518005371094,0.0206490121781826,0.0098570054396986
2020-10-07 01:00:00,8,IndiaDeccan,292.7027587890625,0.0038054955657571,0.0
2020-10-17 01:00:00,8,IndiaDeccan,292.8435363769531,0.0030678994953632,0.0413016304373741
2020-10-27 01:00:00,8,IndiaDeccan,293.5915222167969,0.0228536296635866,3.923254553228617e-06
2020-11-06 01:00:00,8,IndiaDeccan,289.7748413085937,0.0369235947728157,0.0
2020-11-16 01:00:00,8,IndiaDeccan,293.35968017578125,0.0268117617815732,0.0
2020-11-26 01:00:00,8,IndiaDeccan,292.2524719238281,0.0450364388525486,0.0
2020-12-06 01:00:00,8,IndiaDeccan,288.46392822265625,0.0269280821084976,0.0
2020-12-16 01:00:00,8,IndiaDeccan,291.43463134765625,0.0287251509726047,0.0
2020-12-26 01:00:00,8,IndiaDeccan,289.0868225097656,0.0195273514837026,0.0
2021-01-05 01:00:00,8,IndiaDeccan,293.14825439453125,0.0286394953727722,7.803738117218018e-05
2021-01-15 01:00:00,8,IndiaDeccan,292.83416748046875,0.0344951897859573,0.0
2021-01-25 01:00:00,8,IndiaDeccan,291.0252990722656,0.0096576381474733,0.0
2021-02-04 01:00:00,8,IndiaDeccan,289.0774841308594,0.0281018428504467,0.0
2021-02-14 01:00:00,8,IndiaDeccan,288.9017333984375,0.0038838894106447,0.0
2021-02-24 01:00:00,8,IndiaDeccan,291.6903686523437,0.0258431583642959,0.0
2021-03-06 01:00:00,8,IndiaDeccan,288.7738342285156,0.0019251100020483,0.0
2021-03-16 01:00:00,8,IndiaDeccan,291.43927001953125,0.0034072459675371,0.0
2021-03-26 01:00:00,8,IndiaDeccan,296.4488525390625,0.0382244698703289,0.0
2021-04-05 01:00:00,8,IndiaDeccan,296.69757080078125,0.0398491360247135,0.0
2021-04-15 01:00:00,8,IndiaDeccan,293.1893615722656,0.0100786983966827,0.0
2021-04-25 01:00:00,8,IndiaDeccan,298.3365783691406,0.0237036310136318,0.0
2021-05-05 01:00:00,8,IndiaDeccan,296.3675842285156,0.0019571227021515,0.0
2021-05-15 01:00:00,8,IndiaDeccan,299.9859313964844,0.0444738641381263,0.0
2021-05-25 01:00:00,8,IndiaDeccan,298.1394958496094,0.0509903617203235,0.0
2021-06-04 01:00:00,8,IndiaDeccan,296.4248352050781,0.0182837899774312,0.0601709112524986
2021-06-14 01:00:00,8,IndiaDeccan,296.1125793457031,0.0418199934065341,9.58913005888462e-06
2021-06-24 01:00:00,8,IndiaDeccan,294.7558288574219,0.03190453723073,0.2426390945911407
2021-07-04 01:00:00,8,IndiaDeccan,294.4743347167969,0.0233743730932474,0.0
2021-07-14 01:00:00,8,IndiaDeccan,295.0957336425781,0.046305488795042,0.2552717328071594
2021-07-24 01:00:00,8,IndiaDeccan,295.5048217773437,0.0520788691937923,0.0
2021-08-03 01:00:00,8,IndiaDeccan,294.0030212402344,0.0442575775086879,0.0001523606479167
2021-08-13 01:00:00,8,IndiaDeccan,293.9231872558594,0.030668007209897,0.0
2021-08-23 01:00:00,8,IndiaDeccan,292.12432861328125,0.0035356637090444,0.0
2021-09-02 01:00:00,8,IndiaDeccan,293.906005859375,0.0108319269493222,0.1876480281352996
2021-09-12 01:00:00,8,IndiaDeccan,294.7841491699219,0.0471351258456707,1.468602567911148e-05
2021-09-22 01:00:00,8,IndiaDeccan,294.28131103515625,0.0324215143918991,0.1178906261920929
2021-10-02 01:00:00,8,IndiaDeccan,294.4075012207031,0.0127755077555775,0.14494588971138
2021-10-12 01:00:00,8,IndiaDeccan,289.4619140625,0.0041807922534644,0.0
2021-10-22 01:00:00,8,IndiaDeccan,290.5996398925781,0.0263973195105791,0.0
2021-11-01 01:00:00,8,IndiaDeccan,293.9452514648437,0.0318298935890197,0.0
2021-11-11 01:00:00,8,IndiaDeccan,292.5616149902344,0.045021366328001,0.0
2021-11-21 01:00:00,8,IndiaDeccan,295.6178283691406,0.0444166176021099,2.3881439119577408e-06
2021-12-01 01:00:00,8,IndiaDeccan,292.58013916015625,0.0319266133010387,1.7112579371314496e-06
2021-12-11 01:00:00,8,IndiaDeccan,291.59832763671875,0.0177479069679975,0.0
2021-12-21 01:00:00,8,IndiaDeccan,287.3336486816406,0.0228097923099994,0.0
2021-12-31 01:00:00,8,IndiaDeccan,290.2220458984375,0.0413063801825046,0.0
2020-01-01 01:00:00,9,Australia,310.1978759765625,0.0243580229580402,0.0
2020-01-11 01:00:00,9,Australia,307.4358215332031,0.036234114319086,0.0
2020-01-21 01:00:00,9,Australia,313.4613952636719,0.0297508779913187,0.0
2020-01-31 01:00:00,9,Australia,306.042236328125,0.0257855989038944,0.0
2020-02-10 01:00:00,9,Australia,311.5497741699219,0.0262484326958656,0.0
2020-02-20 01:00:00,9,Australia,307.09063720703125,0.0281169526278972,0.0
2020-03-01 01:00:00,9,Australia,310.2011108398437,0.02649387717247,0.0
2020-03-11 01:00:00,9,Australia,310.6829528808594,0.0208721235394477,0.0
2020-03-21 01:00:00,9,Australia,309.0605773925781,0.0278760679066181,0.0
2020-03-31 01:00:00,9,Australia,307.0736389160156,0.0281009338796138,0.0
2020-04-10 01:00:00,9,Australia,303.1506652832031,0.0173430852591991,0.0
2020-04-20 01:00:00,9,Australia,304.9782409667969,0.0258460603654384,0.0
2020-04-30 01:00:00,9,Australia,290.7131652832031,0.0305713377892971,0.0
2020-05-10 01:00:00,9,Australia,291.37078857421875,0.0283370930701494,0.0
2020-05-20 01:00:00,9,Australia,289.74871826171875,0.0228529646992683,0.0
2020-05-30 01:00:00,9,Australia,291.0928649902344,0.0144601203501224,0.0
2020-06-09 01:00:00,9,Australia,287.0408630371094,0.0195990893989801,0.0
2020-06-19 01:00:00,9,Australia,294.54949951171875,0.0107900621369481,0.0
2020-06-29 01:00:00,9,Australia,285.84344482421875,0.015057984739542,0.0
2020-07-09 01:00:00,9,Australia,288.4022216796875,0.0137497056275606,0.0
2020-07-19 01:00:00,9,Australia,289.3811340332031,0.0217299573123455,0.0
2020-07-29 01:00:00,9,Australia,289.9192199707031,0.0113394549116492,0.0
2020-08-08 01:00:00,9,Australia,286.7967834472656,0.0144307445734739,0.0
2020-08-18 01:00:00,9,Australia,294.4046630859375,0.0171296335756778,0.0
2020-08-28 01:00:00,9,Australia,295.03619384765625,0.0265774317085742,0.0
2020-09-07 01:00:00,9,Australia,304.0348205566406,0.0229597110301256,0.0
2020-09-17 01:00:00,9,Australia,307.1943054199219,0.037223070859909,0.0
2020-09-27 01:00:00,9,Australia,298.9295959472656,0.0312792994081974,0.0
2020-10-07 01:00:00,9,Australia,293.32489013671875,0.0225081276148557,0.0
2020-10-17 01:00:00,9,Australia,311.6211853027344,0.0206636916846036,0.0
2020-10-27 01:00:00,9,Australia,304.1110534667969,0.0238822307437658,0.0
2020-11-06 01:00:00,9,Australia,300.7865600585937,0.0252897553145885,0.0001399461179971
2020-11-16 01:00:00,9,Australia,306.5773010253906,0.0356848873198032,0.0
2020-11-26 01:00:00,9,Australia,316.90338134765625,0.025600366294384,0.0
2020-12-06 01:00:00,9,Australia,306.9407043457031,0.027383591979742,0.0
2020-12-16 01:00:00,9,Australia,310.0308837890625,0.0296811386942863,0.0
2020-12-26 01:00:00,9,Australia,310.0578308105469,0.0239402372390031,0.0
2021-01-05 01:00:00,9,Australia,306.74713134765625,0.0330624766647815,0.0
2021-01-15 01:00:00,9,Australia,309.7868957519531,0.0373295247554779,0.0
2021-01-25 01:00:00,9,Australia,311.6781921386719,0.0360470861196517,0.0001289774663746
2021-02-04 01:00:00,9,Australia,309.3448791503906,0.0161698572337627,0.0
2021-02-14 01:00:00,9,Australia,300.5120849609375,0.0252087339758873,0.0
2021-02-24 01:00:00,9,Australia,305.4858703613281,0.0281812250614166,0.0
2021-03-06 01:00:00,9,Australia,310.9324645996094,0.018537214025855,0.0
2021-03-16 01:00:00,9,Australia,299.1004333496094,0.0268720760941505,0.0
2021-03-26 01:00:00,9,Australia,304.1312255859375,0.0208723843097686,0.0
2021-04-05 01:00:00,9,Australia,303.10009765625,0.0199050735682249,0.0
2021-04-15 01:00:00,9,Australia,298.95904541015625,0.0265955384820699,0.0
2021-04-25 01:00:00,9,Australia,295.67010498046875,0.0248884782195091,0.0
2021-05-05 01:00:00,9,Australia,294.2201538085937,0.0256337020546197,0.0
2021-05-15 01:00:00,9,Australia,290.1534729003906,0.0271992646157741,0.0
2021-05-25 01:00:00,9,Australia,292.4397888183594,0.0189694128930568,0.0
2021-06-04 01:00:00,9,Australia,289.41485595703125,0.0224003493785858,0.0
2021-06-14 01:00:00,9,Australia,292.24639892578125,0.0130863338708877,0.0
2021-06-24 01:00:00,9,Australia,284.3655090332031,0.0190395675599575,0.0
2021-07-04 01:00:00,9,Australia,282.6497497558594,0.0204151179641485,0.0
2021-07-14 01:00:00,9,Australia,295.2121276855469,0.0202007927000522,0.0
2021-07-24 01:00:00,9,Australia,287.8063049316406,0.0157598461955785,0.0
2021-08-03 01:00:00,9,Australia,286.1915283203125,0.0240997746586799,0.0
2021-08-13 01:00:00,9,Australia,287.6510314941406,0.0250334050506353,0.0
2021-08-23 01:00:00,9,Australia,289.8577880859375,0.0329286381602287,0.0
2021-09-02 01:00:00,9,Australia,302.3064270019531,0.0301629845052957,0.0
2021-09-12 01:00:00,9,Australia,295.7814636230469,0.0308846794068813,0.0
2021-09-22 01:00:00,9,Australia,292.0708312988281,0.0289709866046905,0.0
2021-10-02 01:00:00,9,Australia,306.9618835449219,0.0361027792096138,0.0
2021-10-12 01:00:00,9,Australia,299.1986389160156,0.0194236598908901,0.0
2021-10-22 01:00:00,9,Australia,309.83319091796875,0.0244370307773351,0.0
2021-11-01 01:00:00,9,Australia,304.5849609375,0.0213872157037258,0.0
2021-11-11 01:00:00,9,Australia,292.2301940917969,0.0336109288036823,0.0
2021-11-21 01:00:00,9,Australia,303.27545166015625,0.0295258723199367,0.0
2021-12-01 01:00:00,9,Australia,314.8441162109375,0.0250677298754453,0.0
2021-12-11 01:00:00,9,Australia,310.7091979980469,0.0263599082827568,0.0
2021-12-21 01:00:00,9,Australia,311.6835021972656,0.0244339331984519,0.0
2021-12-31 01:00:00,9,Australia,316.7930603027344,0.0343705974519252,0.0
